game_name,tag_line
파나마 카르멘,KR1
달달베츠,KR1
리       미,KR2
추또띠,KR1
재키찬의발차기,KR1
가누다,8652
Captain Hook,KR1
가즈아야,KR1
KaLasis,KR1
KaLasis,KR1
alllll,KR1
가즈아야,KR1
꼬마 전 서리꾼,KR1
ilike대창,KR1
mud,dum
초 보,SORRY
감자캐는농부,왕감자
농부가캐는감자,왕감자
내가미안해,1217
뽈뽈기어가다,KR1
은하절도9범,999
L깜장이,KR1
겨울 지나 봄으로,TOP
Another Ghost,KR1
SURL,열기구
악 당,222
캔 디,KR2
발송배전기술사12,KR1
아주가끔조금,KR1
개쭈빡,31520
독안에든고양이,KR2
탑차이를내고싶은사람,top
sadno,KR1
원딜장인환이,KR1
냠냠 초가스,KR1
고독한 늑대 배병선,야수의심장
먹방의황제는이병건이요,침착맨
봉끼리,bong
렝젤알,KR1
내총끝은빛나고,8643
붕어빵 안팔아요,KR1
브이몬,황제드라몬
성 주,1004
Sai Weng,521
스타벅스007,10086
칼바람만할꼬양,KR1
asdqwasvqwwqeasc,KR1
미르미르,KR0
신조차 두려워하는 재능 김건호,IMGOD
스팸돈부리,KR1
낼 름,030
압살자,KR00
asdqwasvqwwqeasc,KR1
Do 잇 aGain,KR1
요들광,KR1
미르미르,KR0
신조차 두려워하는 재능 김건호,IMGOD
스팸돈부리,KR1
91421509del,KR1
암쏘리yo,KR1
56630330del,KR1
집가서샤워나해,KR1
판콜A,1010
똥개벌레,4444
요 란,ACE
장 비,112
조옥같은롤입니다,1111
압살자,KR00
being possible,KR1
CoIin,KR1
봉구스박보검,9794
eoguseoghtkfkdgo,KR1
히히흐흐흐,KR1
최원돌,KR1
권 용 민 2,KR1
홍타쿠,2247
유형규섹시스트림,KR1
왕잦님,KR1
aaafffsss,12345
나는 위가 좋아,KR1
kim동자,KR1
푸바오,바오1
화 랑 찌,KR1
안산대학교생,KR1
인생은마쌔,KR1
여름그만,KR0
EIIEII,EIEI
펌핑맨,KR1
rang960,KR1
정유민짱짱맨,으라차차
전 봄,KR1
손이 안 움직여요,КR1
무농약 강냉이,KR1
부씨푸씨베이비,맘을받아줘
XY YX YY XX,XXX
핑보라구,말햇자나
익사해라익사해라익사해라,cex
반신욕 라떼,KR1
돼지곱창철판볶음,pig
귀염둥이 카페 카밀,5144
레 스 콩,KR2
미드탑드레이븐,KR1
Spooky,KR1
북조선 대머리독수리,9235
APTX4869,KR2
Evan,Wales
레 스 콩,KR2
북조선 대머리독수리,9235
Rose,kr97
깡패 할아버지,지하철일진
후힘들어,KR2
쿠로다 류헤이,특 공
문형떨1,KR1
